"http://purl.org/dc/elements/1.1/title","http://purl.org/dc/elements/1.1/creator","http://purl.org/dc/elements/1.1/date","http://purl.org/dc/elements/1.1/type","http://purl.org/dc/elements/1.1/source","https://tropy.org/v1/tropy#collection","https://tropy.org/v1/tropy#box","https://tropy.org/v1/tropy#folder","http://purl.org/dc/elements/1.1/identifier","http://purl.org/dc/elements/1.1/rights","https://tropy.org/v1/tropy#tag","https://tropy.org/v1/tropy#path","https://tropy.org/v1/tropy#note","https://tropy.org/v1/tropy#path","https://tropy.org/v1/tropy#note","https://tropy.org/v1/tropy#path","https://tropy.org/v1/tropy#note","https://tropy.org/v1/tropy#path","https://tropy.org/v1/tropy#note"
"Abett, Robert","","","","","","","","","","Eagle, PCC, Bosn's Mate","/home/cvillami/Downloads/HeySaylor Project.tropy-20250516T194930Z-1-001/HeySaylor Project.tropy/assets/3e037175b3b7839a29a0af7b972a8fc5.pdf","Testator: Robert Abett  --- Date of Will:  --- Date of Probate: 1629-01-01  --- Reference: 11/156/157"
"Acton, Robert","","","","","","","","","","P, Dragon","/home/cvillami/Downloads/HeySaylor Project.tropy-20250516T194930Z-1-001/HeySaylor Project.tropy/assets/1bd6aa8e805abdcf11f00f61fcf6bb81.pdf","Reference: 11/123/677 --- Testator: Robert Acton --- Date of Will: 1613-07-24 --- Date of Probate: 1614-07-11"
"Addecot, Thomas","","","","","","","","","","P, Dragon","/home/cvillami/Downloads/HeySaylor Project.tropy-20250516T194930Z-1-001/HeySaylor Project.tropy/assets/a8e1e57819606eb0870bb0045505fa81.pdf","Reference: 11/131/377 --- Testator: Thomas Addecot --- Date of Will: 1616-02-25 --- Date of Probate: 1618-04-13"
"Amesse, Abell","","","","","","","","","","C","/home/cvillami/Downloads/HeySaylor Project.tropy-20250516T194930Z-1-001/HeySaylor Project.tropy/assets/a236fc97de898859678cb260f6e3abfd.pdf","Testator: Abell Amesse --- Date of Will: 1617-08-22 --- Date of Probate: 1618-09-09 --- Alternate last name: Ames --- Reference: "
"Androwes, Edward","","","","","","","","","","P, Dragon","/home/cvillami/Downloads/HeySaylor Project.tropy-20250516T194930Z-1-001/HeySaylor Project.tropy/assets/7abe382992ca6fc4f20a55f9de701f27.pdf","Reference: 11/107/385 --- Testator: Edward Androwes --- Date of Will: 1605-02-20 --- Date of Probate: 1606-06-12"
"Ashley, William","","","","","","","","","","P, London","/home/cvillami/Downloads/HeySaylor Project.tropy-20250516T194930Z-1-001/HeySaylor Project.tropy/assets/b638ba0225152b4d20119c3cbb465ab8.pdf","Reference: 11/153/275 --- Testator: William Ashley --- Date of Will: --- Date of Probate: 1628-02-28"
"Atkins, John","","","","","","","","","","P, Ascension","/home/cvillami/Downloads/HeySaylor Project.tropy-20250516T194930Z-1-001/HeySaylor Project.tropy/assets/010b501d35eb6b380ea818b74c3a7c6b.pdf","Testator: John Atkins --- Date of Will: 1602-11-20 --- Date of Probate: 1603-06-24"
"Austine, John","","","","","","","","","","P","/home/cvillami/Downloads/HeySaylor Project.tropy-20250516T194930Z-1-001/HeySaylor Project.tropy/assets/7b58eeddc32f8432ad2e18e0873ac437.pdf","Testator: John Austine/Austin --- Date of Will: 1616-05-20 --- Date of Probate: 1617-07-24 --- Reference: 11/130/167"
"Baber, John","","","","","","","","","","P, Peppercorn","/home/cvillami/Downloads/HeySaylor Project.tropy-20250516T194930Z-1-001/HeySaylor Project.tropy/assets/a46492f756d8338d9185462872cd215f.pdf","Testator: John Baber --- Date of Will: 1610-02-09 --- Date of Probate: 1613-12-16"
"Badger, Thomas","","","","","","","","","","P, Discovery","/home/cvillami/Downloads/HeySaylor Project.tropy-20250516T194930Z-1-001/HeySaylor Project.tropy/assets/48e669da7fad24f848ad3f9a126eb194.pdf","Reference:","/home/cvillami/Downloads/HeySaylor Project.tropy-20250516T194930Z-1-001/HeySaylor Project.tropy/assets/48e669da7fad24f848ad3f9a126eb194.pdf","","/home/cvillami/Downloads/HeySaylor Project.tropy-20250516T194930Z-1-001/HeySaylor Project.tropy/assets/48e669da7fad24f848ad3f9a126eb194.pdf","Testator: Thomas Badger --- Date of Will: --- Date of Probate: 1625-01-01"
"Baily, Thomas","","","","","","","","","","P, New Year's Gift, Sailor","/home/cvillami/Downloads/HeySaylor Project.tropy-20250516T194930Z-1-001/HeySaylor Project.tropy/assets/483c2005da2ca78759b59bfaf344a25c.pdf","Reference: 11/130/161 --- Testator: Thomas Baily --- Date of Will: 1616-05-12 --- 1617-07-22"
"Baines, Alexander","","","","","","","","","","P, James Royal","/home/cvillami/Downloads/HeySaylor Project.tropy-20250516T194930Z-1-001/HeySaylor Project.tropy/assets/40d058d6c12fe3a7f83439c15a45a3bf.pdf","Testator: Alexander Baines --- Date of Will: --- Date of Probate: 1621-01-01"
"Bainham, John","","","","","","","","","","C, James","/home/cvillami/Downloads/HeySaylor Project.tropy-20250516T194930Z-1-001/HeySaylor Project.tropy/assets/bf4acf553e2916e03acf75df51fa37a1.pdf","Reference: --- Testator: John Bainham --- Date of Will: --- Date of Probate: 1620-01-01"
"Baker, Ffrauncis","","","","","","","","","","C","/home/cvillami/Downloads/HeySaylor Project.tropy-20250516T194930Z-1-001/HeySaylor Project.tropy/assets/a4cea05bbd0901b99808029b3e0b8cd8.pdf","Reference: --- Testator: Ffrauncis Baker --- Date of Will: 1617-05-02 --- Date of Probate: 1618-09-12"
"Baker, Richard","","","","","","","","","","P, Dragon","/home/cvillami/Downloads/HeySaylor Project.tropy-20250516T194930Z-1-001/HeySaylor Project.tropy/assets/410259a55e37bc1896ec66ef822469a0.pdf","Reference: --- Testator: Richard Baker --- Date of Will: 1616-06-27 --- Date of Probate: 1617-10-20"
"Bantam, Edward","","","","","","","","","","P, Clove","/home/cvillami/Downloads/HeySaylor Project.tropy-20250516T194930Z-1-001/HeySaylor Project.tropy/assets/9f7284fadd9bca4af89acc5318bc16fb.pdf","Reference: --- Testator: Edward Bantam --- Date of Will: 1614-02-13 --- Date of Probate: 1614-12-17"
"Barley, John","","","","","","","","","","C, James","/home/cvillami/Downloads/HeySaylor Project.tropy-20250516T194930Z-1-001/HeySaylor Project.tropy/assets/167d7da448d743904040ccbd147fb2ad.pdf","Reference:  --- Testator: John Barley --- Date of Will: 1617-09-18 --- Date of Probate: 1618-09-22"
"Barlowe, Richard","","","","","","","","","","P, Dragon","/home/cvillami/Downloads/HeySaylor Project.tropy-20250516T194930Z-1-001/HeySaylor Project.tropy/assets/f5b783085a9319e5617b2d9f23f74fec.pdf","Reference: 11/102/227v --- Testator: Richard Barlowe --- Date of Will: 1603-07-08 --- Date of Probate: 1603-10-25"
"Barnes, Stephen","","","","","","","","","","C","/home/cvillami/Downloads/HeySaylor Project.tropy-20250516T194930Z-1-001/HeySaylor Project.tropy/assets/79f27accb9b498aa8fe03674905d9e4c.pdf","Reference:  --- Testator: Stephen Barnes --- Date of Will:  --- Date of Probate: 1625-01-01 --- Extra Name: Ethoned"
"Barrow, Peter","","","","","","","","","","P, Bosn's Mate, Discovery","/home/cvillami/Downloads/HeySaylor Project.tropy-20250516T194930Z-1-001/HeySaylor Project.tropy/assets/70a47443120256f983e09d5a90452daa.pdf","Reference: 11/147/593 --- Testator: Peter Barrow --- Date of Will: --- Date of Probate: 1625-12-593 --- Alternate Last Name: Barow","/home/cvillami/Downloads/HeySaylor Project.tropy-20250516T194930Z-1-001/HeySaylor Project.tropy/assets/70a47443120256f983e09d5a90452daa.pdf",""
"Bennet, Henry","","","","","","","","","","P, Discovery, Quartermaster","/home/cvillami/Downloads/HeySaylor Project.tropy-20250516T194930Z-1-001/HeySaylor Project.tropy/assets/c551b0a79b4f516f26e7babe5aa37151.pdf","Reference: 11/147/128 --- Testator: Henry Bennet --- Date of Will: --- Date of Probate: 1625-10-19","/home/cvillami/Downloads/HeySaylor Project.tropy-20250516T194930Z-1-001/HeySaylor Project.tropy/assets/c551b0a79b4f516f26e7babe5aa37151.pdf",""
"Benson, John","","","","","","","","","","P, Hart","/home/cvillami/Downloads/HeySaylor Project.tropy-20250516T194930Z-1-001/HeySaylor Project.tropy/assets/0e4cc0c5761ad79439961efee1ab3546.pdf","Reference: --- Testator: John Benson --- Date of Will: --- Date of Probate: 1622-01-01","/home/cvillami/Downloads/HeySaylor Project.tropy-20250516T194930Z-1-001/HeySaylor Project.tropy/assets/0e4cc0c5761ad79439961efee1ab3546.pdf","","/home/cvillami/Downloads/HeySaylor Project.tropy-20250516T194930Z-1-001/HeySaylor Project.tropy/assets/0e4cc0c5761ad79439961efee1ab3546.pdf",""
"Berrie, John","","","","","","","","","","P, Dolphin","/home/cvillami/Downloads/HeySaylor Project.tropy-20250516T194930Z-1-001/HeySaylor Project.tropy/assets/ba8a36258f0aaffed6028a7b299819a7.pdf","Reference: --- Testator: John Berrie --- Date of Will:  --- Date of Probate: 1628-01-01","/home/cvillami/Downloads/HeySaylor Project.tropy-20250516T194930Z-1-001/HeySaylor Project.tropy/assets/ba8a36258f0aaffed6028a7b299819a7.pdf",""
"Bingley-Henry-897-1-compressed","","","","","","","","","","","/home/cvillami/Downloads/HeySaylor Project.tropy-20250516T194930Z-1-001/HeySaylor Project.tropy/assets/f041f3bf288196c6aae21ab31f7e195a.pdf","","/home/cvillami/Downloads/HeySaylor Project.tropy-20250516T194930Z-1-001/HeySaylor Project.tropy/assets/f041f3bf288196c6aae21ab31f7e195a.pdf",""
"Briges, John","","","","","","","","","","C, Globe","/home/cvillami/Downloads/HeySaylor Project.tropy-20250516T194930Z-1-001/HeySaylor Project.tropy/assets/cfc1848f649829193f0cbff3a87a2217.pdf","Reference: --- Testator: John Briges --- 1599-03-14 --- 1615-09-19 --- Unsure Ship name"
"Broeckman, Jasper","","","","","","","","","","P","/home/cvillami/Downloads/HeySaylor Project.tropy-20250516T194930Z-1-001/HeySaylor Project.tropy/assets/d4aa5ee61606406aee1bcbf33788034a.pdf","Reference:  --- Testator: Jasper Broeckman --- Date of Will: 1603-01-01 --- Date of Probate: 1603-10-12","/home/cvillami/Downloads/HeySaylor Project.tropy-20250516T194930Z-1-001/HeySaylor Project.tropy/assets/d4aa5ee61606406aee1bcbf33788034a.pdf",""
"Camell, Daniel","","","","","","","","","","C, Star","/home/cvillami/Downloads/HeySaylor Project.tropy-20250516T194930Z-1-001/HeySaylor Project.tropy/assets/56d8c6730d88c11854f6332189329809.pdf","Reference:  --- Testator: Daniel Camell --- Date of Will: --- Date of Probate: 1624-01-01 --- Corrected Ship name: Star of London"
"Carter, John","","","","","","","","","","P, Exchange","/home/cvillami/Downloads/HeySaylor Project.tropy-20250516T194930Z-1-001/HeySaylor Project.tropy/assets/01a56cf09e29e43976d0798501341eaa.pdf","Reference: --- Testator: John Carter --- Date of Will: --- Date of Probate: 1629-01-01","/home/cvillami/Downloads/HeySaylor Project.tropy-20250516T194930Z-1-001/HeySaylor Project.tropy/assets/01a56cf09e29e43976d0798501341eaa.pdf",""
"Chapman, Peter","","","","","","","","","","P, Sailor, Unity","/home/cvillami/Downloads/HeySaylor Project.tropy-20250516T194930Z-1-001/HeySaylor Project.tropy/assets/6b07f9819b9845919a93197234b07db8.pdf","Reference: 11/144/158 --- Testator: Peter Chapman --- Date of Will: --- Date of Probate: 1626-09-18","/home/cvillami/Downloads/HeySaylor Project.tropy-20250516T194930Z-1-001/HeySaylor Project.tropy/assets/6b07f9819b9845919a93197234b07db8.pdf",""
"Culline, Thomas","","","","","","","","","","P, Hart","/home/cvillami/Downloads/HeySaylor Project.tropy-20250516T194930Z-1-001/HeySaylor Project.tropy/assets/0c44bc613e25a018064f11250258f283.pdf","Reference: --- Testator: Thomas Culline --- Date of Will: --- Date of Probate: 1625-01-01","/home/cvillami/Downloads/HeySaylor Project.tropy-20250516T194930Z-1-001/HeySaylor Project.tropy/assets/0c44bc613e25a018064f11250258f283.pdf",""
"Cuningham, John","","","","","","","","","","P, James Royal","/home/cvillami/Downloads/HeySaylor Project.tropy-20250516T194930Z-1-001/HeySaylor Project.tropy/assets/0d26cbf73c9409d6057ef6dc8d30acc6.pdf","Reference: --- Testator: John Cuningham --- Date of Will: --- Date of Probate: 1621-01-01"
"Cunningham, Christopher","","","","","","","","","","P","/home/cvillami/Downloads/HeySaylor Project.tropy-20250516T194930Z-1-001/HeySaylor Project.tropy/assets/8784c3249f233f605b3f1e4c64e24ed5.pdf","Testator: Christopher Cunningham --- Date of Will: 1610-03-18 --- Date of Probate: 1614-09-10 --- Alternate Last Name: Conningham"
"Cuppidge, Faustin","","","","","","","","","","P, Pearl","/home/cvillami/Downloads/HeySaylor Project.tropy-20250516T194930Z-1-001/HeySaylor Project.tropy/assets/168d376fea13e5d3dcd5866a304c815b.pdf","Reference: --- Testator: Faustin Cuppidge --- Date of Will: --- Date of Probate: 1610-01-01"
"Cutbersone, Mathewe","","","","","","","","","","C, Hector","/home/cvillami/Downloads/HeySaylor Project.tropy-20250516T194930Z-1-001/HeySaylor Project.tropy/assets/0b86a6f03008d1a835121370a0d98b70.pdf","Reference: 9171/22/224 --- Testator: Mathewe Cutbersone --- Date of Will: 1611-11-26 --- Date of Probate: 1613-11-17"
"Dakes, James","","","","","","","","","","P, Charles","/home/cvillami/Downloads/HeySaylor Project.tropy-20250516T194930Z-1-001/HeySaylor Project.tropy/assets/fe4167b195536688d3757486a1f942da.pdf","Reference: --- Testator: James Dakes --- Date of Will: --- Date of Probate: 1618-01-01","/home/cvillami/Downloads/HeySaylor Project.tropy-20250516T194930Z-1-001/HeySaylor Project.tropy/assets/fe4167b195536688d3757486a1f942da.pdf",""
"Dale, Hugh","","","","","","","","","","P, Dragon","/home/cvillami/Downloads/HeySaylor Project.tropy-20250516T194930Z-1-001/HeySaylor Project.tropy/assets/77985f0387e6506284a4d52e8db54bc4.pdf","Reference: --- Testator: Hugh Dale --- Date of Will: 1617-04-16 --- Date of Probate: 1617-06-20"
"Dale, Robert","","","","","","","","","","P, Hart","/home/cvillami/Downloads/HeySaylor Project.tropy-20250516T194930Z-1-001/HeySaylor Project.tropy/assets/79b8676d366baad22fb2d8c1057d6991.pdf","Reference: --- Testator: Robert Dale --- Date of Will: --- Date of Probate: 1628-01-01","/home/cvillami/Downloads/HeySaylor Project.tropy-20250516T194930Z-1-001/HeySaylor Project.tropy/assets/79b8676d366baad22fb2d8c1057d6991.pdf",""
"Darby, John","","","","","","","","","","P, Discovery, Master's Mate","/home/cvillami/Downloads/HeySaylor Project.tropy-20250516T194930Z-1-001/HeySaylor Project.tropy/assets/c8cbfba9de61bdabddc660727f61e53f.pdf","Reference: 11/155/223 & 224 --- Testator: John Darby --- Date of Will: --- Date of Probate: 1629-02-17","/home/cvillami/Downloads/HeySaylor Project.tropy-20250516T194930Z-1-001/HeySaylor Project.tropy/assets/c8cbfba9de61bdabddc660727f61e53f.pdf",""
"Dawson, William","","","","","","","","","","C, Diamond","/home/cvillami/Downloads/HeySaylor Project.tropy-20250516T194930Z-1-001/HeySaylor Project.tropy/assets/dde845e263bb13c3d9d1a1f0c81eebfd.pdf","Reference: --- Testator: William Dawson --- Date of Will: --- Date of Probate: 1624-01-01"
"Daye-John-776-1-min","","","","","","","","","","","/home/cvillami/Downloads/HeySaylor Project.tropy-20250516T194930Z-1-001/HeySaylor Project.tropy/assets/382c75f0ccf9c0191ca6c0849649c707.pdf",""
"Dinsdale, John","","","","","","","","","","Dragon, C","/home/cvillami/Downloads/HeySaylor Project.tropy-20250516T194930Z-1-001/HeySaylor Project.tropy/assets/942893040a663a4d4b6be24a65ace523.pdf","Reference: --- Testator: John Dinsdale --- Date of Will: --- Date of Probate: 1620-01-01"
"Dixon, Richard","","","","","","","","","","C, Lion","/home/cvillami/Downloads/HeySaylor Project.tropy-20250516T194930Z-1-001/HeySaylor Project.tropy/assets/451d6d91c5200066d21c27e07f6a5082.pdf","Reference: --- Testator: Richard Dixon --- Date of Will: --- Date of Probate: 1616-01-01 --- Corrected Ship Name: Lyon"
"Douglas, Thomas","","","","","","","","","","C, Ruby","/home/cvillami/Downloads/HeySaylor Project.tropy-20250516T194930Z-1-001/HeySaylor Project.tropy/assets/40ce79c8daffd47a618935dd58b76e93.pdf","Reference: --- Testator: Thomas Douglas --- Date of Will: --- Date of Probate: 1625-01-01 --- Corrected Ship Name: Rubie"
"Downing, John","","","","","","","","","","C, Clove","/home/cvillami/Downloads/HeySaylor Project.tropy-20250516T194930Z-1-001/HeySaylor Project.tropy/assets/e2b7ab0dcd1cc9e0494fe64999c4fb15.pdf","Reference: --- Testator: John Downing --- Date of Will: --- Date of Probate: 1623-01-01"
"Dracket-William-488-1-min","","","","","","","","","","","/home/cvillami/Downloads/HeySaylor Project.tropy-20250516T194930Z-1-001/HeySaylor Project.tropy/assets/6d6807206d302652b36f159a7af2b95b.pdf",""
"Driscott-John-960-1-min","","","","","","","","","","","/home/cvillami/Downloads/HeySaylor Project.tropy-20250516T194930Z-1-001/HeySaylor Project.tropy/assets/daf4220da9cbdcc9913e0acac736cff2.pdf",""
"Dyer-John-1271-1-min","","","","","","","","","","","/home/cvillami/Downloads/HeySaylor Project.tropy-20250516T194930Z-1-001/HeySaylor Project.tropy/assets/77f3fff44e8d17103bb615e4f85baff2.pdf",""
"Eachell-Thomas-975-1-min","","","","","","","","","","","/home/cvillami/Downloads/HeySaylor Project.tropy-20250516T194930Z-1-001/HeySaylor Project.tropy/assets/86cd608f197c8ddff46a3e36dc79f40b.pdf",""
"Eatten-Robert-244-1-min","","","","","","","","","","","/home/cvillami/Downloads/HeySaylor Project.tropy-20250516T194930Z-1-001/HeySaylor Project.tropy/assets/5841d88e333105ec751c2d81eacb0c5d.pdf",""
"Elley-Benjamin-135-1-min","","","","","","","","","","","/home/cvillami/Downloads/HeySaylor Project.tropy-20250516T194930Z-1-001/HeySaylor Project.tropy/assets/ca9fe6c9e280b2d611fd8b5427e42c9c.pdf",""
"Ellinger-William-912-1-min","","","","","","","","","","","/home/cvillami/Downloads/HeySaylor Project.tropy-20250516T194930Z-1-001/HeySaylor Project.tropy/assets/14800eed15fc1491217509bea7871bda.pdf",""
"Elmer-Henry-1238-1-min","","","","","","","","","","","/home/cvillami/Downloads/HeySaylor Project.tropy-20250516T194930Z-1-001/HeySaylor Project.tropy/assets/e07070f297b77d8307856d5f16ca9388.pdf",""
"Ennis-James-137-1-min","","","","","","","","","","","/home/cvillami/Downloads/HeySaylor Project.tropy-20250516T194930Z-1-001/HeySaylor Project.tropy/assets/f8beeaac61c387f04337eea30adf41d6.pdf","","/home/cvillami/Downloads/HeySaylor Project.tropy-20250516T194930Z-1-001/HeySaylor Project.tropy/assets/f8beeaac61c387f04337eea30adf41d6.pdf",""
"Evans-William-973-1-min","","","","","","","","","","","/home/cvillami/Downloads/HeySaylor Project.tropy-20250516T194930Z-1-001/HeySaylor Project.tropy/assets/2a336d13fb92f7b740a8437b9370a2e0.pdf","","/home/cvillami/Downloads/HeySaylor Project.tropy-20250516T194930Z-1-001/HeySaylor Project.tropy/assets/2a336d13fb92f7b740a8437b9370a2e0.pdf",""
"Fatheringham-John-1169-1-min","","","","","","","","","","","/home/cvillami/Downloads/HeySaylor Project.tropy-20250516T194930Z-1-001/HeySaylor Project.tropy/assets/943bddd622f330c2e8951849e6c7f409.pdf",""
"Fellowe-Josias-61-1-min","","","","","","","","","","","/home/cvillami/Downloads/HeySaylor Project.tropy-20250516T194930Z-1-001/HeySaylor Project.tropy/assets/e7f2c756c9759e5daeb1deecdd919692.pdf",""
"Fereby-Roger-1185-1-min","","","","","","","","","","","/home/cvillami/Downloads/HeySaylor Project.tropy-20250516T194930Z-1-001/HeySaylor Project.tropy/assets/8a476c253c3fd87b657462e3c64bc3de.pdf",""
"Ferne-Edward-450-1-min","","","","","","","","","","","/home/cvillami/Downloads/HeySaylor Project.tropy-20250516T194930Z-1-001/HeySaylor Project.tropy/assets/eb297d3eecf5719ed0841e5146d71bf7.pdf","","/home/cvillami/Downloads/HeySaylor Project.tropy-20250516T194930Z-1-001/HeySaylor Project.tropy/assets/eb297d3eecf5719ed0841e5146d71bf7.pdf",""
"Filiter-Andrew-1389-1-min","","","","","","","","","","","/home/cvillami/Downloads/HeySaylor Project.tropy-20250516T194930Z-1-001/HeySaylor Project.tropy/assets/24032de4df15325ef0af0eed860393a6.pdf",""
"Flocker-Lawrence-716-1-min","","","","","","","","","","","/home/cvillami/Downloads/HeySaylor Project.tropy-20250516T194930Z-1-001/HeySaylor Project.tropy/assets/467fa79cfbd407cd3bf0229e90b13845.pdf",""
"Flud-William-333-1-min","","","","","","","","","","","/home/cvillami/Downloads/HeySaylor Project.tropy-20250516T194930Z-1-001/HeySaylor Project.tropy/assets/735e2b118b51e4562716b6fd5f55bd8b.pdf",""
"Fortune-John-116-1-min","","","","","","","","","","","/home/cvillami/Downloads/HeySaylor Project.tropy-20250516T194930Z-1-001/HeySaylor Project.tropy/assets/d2ac0e66485e724546281f9d3b1156f2.pdf",""
"Fossett-John-1413-1-min","","","","","","","","","","","/home/cvillami/Downloads/HeySaylor Project.tropy-20250516T194930Z-1-001/HeySaylor Project.tropy/assets/21da6d8b051a19f2a477b822bb8601e0.pdf",""
"Fradanske-John-1250-1-min","","","","","","","","","","","/home/cvillami/Downloads/HeySaylor Project.tropy-20250516T194930Z-1-001/HeySaylor Project.tropy/assets/fffa997dd0a84f13e8838387f834de98.pdf",""
"Frye-John-45-1-min","","","","","","","","","","","/home/cvillami/Downloads/HeySaylor Project.tropy-20250516T194930Z-1-001/HeySaylor Project.tropy/assets/adbbd2115ff24c26a72f7faff14bb68b.pdf",""
"Frye-Walter-436-1-min","","","","","","","","","","","/home/cvillami/Downloads/HeySaylor Project.tropy-20250516T194930Z-1-001/HeySaylor Project.tropy/assets/08b66d53ff319f8f2165634bdb59d613.pdf",""
"Furniss-Joseph-729-1-min","","","","","","","","","","","/home/cvillami/Downloads/HeySaylor Project.tropy-20250516T194930Z-1-001/HeySaylor Project.tropy/assets/f6f610effb2b664f72f29ad2764c4f73.pdf",""
"Gibson-Thomas-1240-1-min","","","","","","","","","","","/home/cvillami/Downloads/HeySaylor Project.tropy-20250516T194930Z-1-001/HeySaylor Project.tropy/assets/e193055045fd170c9b07965382079dc6.pdf",""
"Glover-John-1268-1-min","","","","","","","","","","","/home/cvillami/Downloads/HeySaylor Project.tropy-20250516T194930Z-1-001/HeySaylor Project.tropy/assets/ddeec2465534e4ffb49ca6ab216f9e68.pdf",""
"Gooding-Hans-717-1-min","","","","","","","","","","","/home/cvillami/Downloads/HeySaylor Project.tropy-20250516T194930Z-1-001/HeySaylor Project.tropy/assets/ac9599774cf473a8dd2a19c529885beb.pdf",""
"Graves-Martin-1345-1-min","","","","","","","","","","","/home/cvillami/Downloads/HeySaylor Project.tropy-20250516T194930Z-1-001/HeySaylor Project.tropy/assets/5488307b8f4a497f2b9a38b51435deab.pdf",""
"Graye-John-394-1-min","","","","","","","","","","","/home/cvillami/Downloads/HeySaylor Project.tropy-20250516T194930Z-1-001/HeySaylor Project.tropy/assets/c8df256840d7975223ec794063b4240d.pdf",""
"Greenhurst-Edmund-889-1-min","","","","","","","","","","","/home/cvillami/Downloads/HeySaylor Project.tropy-20250516T194930Z-1-001/HeySaylor Project.tropy/assets/0ed6a6f900b046803973213ef83b2106.pdf",""
"Griffen-Humphrey-1217-1-min","","","","","","","","","","","/home/cvillami/Downloads/HeySaylor Project.tropy-20250516T194930Z-1-001/HeySaylor Project.tropy/assets/287c1e5193d90fe1d8bfb10789d3c46a.pdf",""
"Griffen-John-457-1-min","","","","","","","","","","","/home/cvillami/Downloads/HeySaylor Project.tropy-20250516T194930Z-1-001/HeySaylor Project.tropy/assets/399be5e6a8b00a9d639d1a864fc52253.pdf","","/home/cvillami/Downloads/HeySaylor Project.tropy-20250516T194930Z-1-001/HeySaylor Project.tropy/assets/399be5e6a8b00a9d639d1a864fc52253.pdf",""
"Grigge-Roger-1233-1-min","","","","","","","","","","","/home/cvillami/Downloads/HeySaylor Project.tropy-20250516T194930Z-1-001/HeySaylor Project.tropy/assets/ee0c9ec49d1e155442624cb502a8af5e.pdf",""
"Hall-William-320-1-min","","","","","","","","","","","/home/cvillami/Downloads/HeySaylor Project.tropy-20250516T194930Z-1-001/HeySaylor Project.tropy/assets/321921018b54e33ef6a0964cd38fb2a5.pdf",""
"Hambleton-Robert-194-1-min","","","","","","","","","","","/home/cvillami/Downloads/HeySaylor Project.tropy-20250516T194930Z-1-001/HeySaylor Project.tropy/assets/69b4a230514a1596f12be05390ff3eb6.pdf",""
"Hamlin-William-50-1-min","","","","","","","","","","","/home/cvillami/Downloads/HeySaylor Project.tropy-20250516T194930Z-1-001/HeySaylor Project.tropy/assets/8f0b097c8342428f29b560cd16aeadd1.pdf",""
"Hancocke-Edward-937-1-min","","","","","","","","","","","/home/cvillami/Downloads/HeySaylor Project.tropy-20250516T194930Z-1-001/HeySaylor Project.tropy/assets/be1aade84c3de57349fecb8ff0520a7c.pdf",""
"Hancocke-Richard-1343-1-min","","","","","","","","","","","/home/cvillami/Downloads/HeySaylor Project.tropy-20250516T194930Z-1-001/HeySaylor Project.tropy/assets/2f58fe56dd6444de59cc3ccabf9b15d8.pdf",""
"Harman-Thomas-416-1-min","","","","","","","","","","","/home/cvillami/Downloads/HeySaylor Project.tropy-20250516T194930Z-1-001/HeySaylor Project.tropy/assets/6b5bae0e4352449fbfdf76f910960c12.pdf",""
"Hasell-Richard-944-1-min","","","","","","","","","","","/home/cvillami/Downloads/HeySaylor Project.tropy-20250516T194930Z-1-001/HeySaylor Project.tropy/assets/d54803792d9465da904655687c4ab153.pdf",""
"Hatfeild-Anthonie-1164-1-min","","","","","","","","","","","/home/cvillami/Downloads/HeySaylor Project.tropy-20250516T194930Z-1-001/HeySaylor Project.tropy/assets/748b3d47601e5a19bcf42c883aec5d34.pdf",""
"Hayman-John-1012-1-min","","","","","","","","","","","/home/cvillami/Downloads/HeySaylor Project.tropy-20250516T194930Z-1-001/HeySaylor Project.tropy/assets/307f3c9fc668e342cb4440bd50aa2228.pdf",""
"Hedlie-Raphe-1264-1-min","","","","","","","","","","","/home/cvillami/Downloads/HeySaylor Project.tropy-20250516T194930Z-1-001/HeySaylor Project.tropy/assets/00cb4207bbece3b9882975bf5841c90c.pdf",""
"Henry-Thomas-168-1-min","","","","","","","","","","","/home/cvillami/Downloads/HeySaylor Project.tropy-20250516T194930Z-1-001/HeySaylor Project.tropy/assets/25dd9fb8aa5e253e60507816a39f9480.pdf","","/home/cvillami/Downloads/HeySaylor Project.tropy-20250516T194930Z-1-001/HeySaylor Project.tropy/assets/25dd9fb8aa5e253e60507816a39f9480.pdf",""
"Hill-David-382-1-min","","","","","","","","","","","/home/cvillami/Downloads/HeySaylor Project.tropy-20250516T194930Z-1-001/HeySaylor Project.tropy/assets/a8588cb83195d416403f343c264a7a77.pdf",""
"Hollande-Tobias-383-1-min","","","","","","","","","","","/home/cvillami/Downloads/HeySaylor Project.tropy-20250516T194930Z-1-001/HeySaylor Project.tropy/assets/ff22a7d7aaf08d3fe5c285438b542cc9.pdf",""
"Hooke-John-1410-1-min","","","","","","","","","","","/home/cvillami/Downloads/HeySaylor Project.tropy-20250516T194930Z-1-001/HeySaylor Project.tropy/assets/633b7d778930473b6e80f9176aae87ff.pdf",""
"Houlte-Martin-945-1-min","","","","","","","","","","","/home/cvillami/Downloads/HeySaylor Project.tropy-20250516T194930Z-1-001/HeySaylor Project.tropy/assets/6f40711b84a8f28af232bf956be01b8c.pdf",""
"Howell-William-643-1-min","","","","","","","","","","","/home/cvillami/Downloads/HeySaylor Project.tropy-20250516T194930Z-1-001/HeySaylor Project.tropy/assets/a00535d3cdd06752c669e360f1c19cd7.pdf",""
"Huby-Josias-511-1-min","","","","","","","","","","","/home/cvillami/Downloads/HeySaylor Project.tropy-20250516T194930Z-1-001/HeySaylor Project.tropy/assets/2ac54937f845c9070763a4ce2c35bd82.pdf",""
"Hugeson-William-1064-1-min","","","","","","","","","","","/home/cvillami/Downloads/HeySaylor Project.tropy-20250516T194930Z-1-001/HeySaylor Project.tropy/assets/c68f8b2ca22208865a4005e135659b6f.pdf","","/home/cvillami/Downloads/HeySaylor Project.tropy-20250516T194930Z-1-001/HeySaylor Project.tropy/assets/c68f8b2ca22208865a4005e135659b6f.pdf","","/home/cvillami/Downloads/HeySaylor Project.tropy-20250516T194930Z-1-001/HeySaylor Project.tropy/assets/c68f8b2ca22208865a4005e135659b6f.pdf",""
"Hunscott-John-778-1-min","","","","","","","","","","","/home/cvillami/Downloads/HeySaylor Project.tropy-20250516T194930Z-1-001/HeySaylor Project.tropy/assets/57fb9f8d32449d61ae565d64e8e2b204.pdf",""
"Hunter-Christopher-318-1-min","","","","","","","","","","","/home/cvillami/Downloads/HeySaylor Project.tropy-20250516T194930Z-1-001/HeySaylor Project.tropy/assets/a35217b38392864ba3b633effa06afa1.pdf",""
"Hurt-Steven-100-1-min","","","","","","","","","","","/home/cvillami/Downloads/HeySaylor Project.tropy-20250516T194930Z-1-001/HeySaylor Project.tropy/assets/e19d665da4f90115b0dd1049cb539964.pdf","","/home/cvillami/Downloads/HeySaylor Project.tropy-20250516T194930Z-1-001/HeySaylor Project.tropy/assets/e19d665da4f90115b0dd1049cb539964.pdf",""
"Ivat-Thomas-923-1-min","","","","","","","","","","","/home/cvillami/Downloads/HeySaylor Project.tropy-20250516T194930Z-1-001/HeySaylor Project.tropy/assets/b08926de16b9e6718d633dff791c8b14.pdf",""
"Iveson-John-387-1-min","","","","","","","","","","","/home/cvillami/Downloads/HeySaylor Project.tropy-20250516T194930Z-1-001/HeySaylor Project.tropy/assets/5b03d04ada7e9b99e037d981795e924a.pdf",""
"Jackson-John-189-1-min","","","","","","","","","","","/home/cvillami/Downloads/HeySaylor Project.tropy-20250516T194930Z-1-001/HeySaylor Project.tropy/assets/76051e5c3ef4828d463591cec5f0a8f7.pdf",""
"James-Edward-590-1-min","","","","","","","","","","","/home/cvillami/Downloads/HeySaylor Project.tropy-20250516T194930Z-1-001/HeySaylor Project.tropy/assets/a243f01d1511dd6666caca54574d97aa.pdf",""
"Jefferey-Robert-929-1-min","","","","","","","","","","","/home/cvillami/Downloads/HeySaylor Project.tropy-20250516T194930Z-1-001/HeySaylor Project.tropy/assets/2097dacea32677b42cd855fadd79e4f2.pdf",""
"Jewell-Daniell-400-1-min","","","","","","","","","","","/home/cvillami/Downloads/HeySaylor Project.tropy-20250516T194930Z-1-001/HeySaylor Project.tropy/assets/83ba1fd14cd2c403f2b06dcb715b91ea.pdf",""
"Johnson-Jobe-434-1-min","","","","","","","","","","","/home/cvillami/Downloads/HeySaylor Project.tropy-20250516T194930Z-1-001/HeySaylor Project.tropy/assets/070c05595bae1e0940abe61c11fdfdb8.pdf","","/home/cvillami/Downloads/HeySaylor Project.tropy-20250516T194930Z-1-001/HeySaylor Project.tropy/assets/070c05595bae1e0940abe61c11fdfdb8.pdf",""
"Johnson-Martin-196-1-min","","","","","","","","","","","/home/cvillami/Downloads/HeySaylor Project.tropy-20250516T194930Z-1-001/HeySaylor Project.tropy/assets/9f310cd402ca0ba379920d7f7277e48c.pdf",""
"Johnson-Robert-523-1-min","","","","","","","","","","","/home/cvillami/Downloads/HeySaylor Project.tropy-20250516T194930Z-1-001/HeySaylor Project.tropy/assets/18d0d8cab8b64b60da5ee350909aea00.pdf","","/home/cvillami/Downloads/HeySaylor Project.tropy-20250516T194930Z-1-001/HeySaylor Project.tropy/assets/18d0d8cab8b64b60da5ee350909aea00.pdf",""
"Jones-Edward-620-1-min","","","","","","","","","","","/home/cvillami/Downloads/HeySaylor Project.tropy-20250516T194930Z-1-001/HeySaylor Project.tropy/assets/5f5093b42c4e2e5219219917e6a451d2.pdf",""
"Jones-Howell-496-1-min","","","","","","","","","","","/home/cvillami/Downloads/HeySaylor Project.tropy-20250516T194930Z-1-001/HeySaylor Project.tropy/assets/596fa099c1326374b77528b8b52ff989.pdf",""
"Jones-Robert-235-1-min","","","","","","","","","","","/home/cvillami/Downloads/HeySaylor Project.tropy-20250516T194930Z-1-001/HeySaylor Project.tropy/assets/c53641d2cfc4479911dcc8512e8eaba9.pdf",""
"Jucks-Lewis-7-1-min","","","","","","","","","","","/home/cvillami/Downloads/HeySaylor Project.tropy-20250516T194930Z-1-001/HeySaylor Project.tropy/assets/b88c8fb58717bb225f34898aee47adef.pdf","","/home/cvillami/Downloads/HeySaylor Project.tropy-20250516T194930Z-1-001/HeySaylor Project.tropy/assets/b88c8fb58717bb225f34898aee47adef.pdf",""
"Kelsey-Thomas-971-1-min","","","","","","","","","","","/home/cvillami/Downloads/HeySaylor Project.tropy-20250516T194930Z-1-001/HeySaylor Project.tropy/assets/fd98ebd6a01c0691af1a4d71e5ce7027.pdf",""
"Kennar-John-983-1-min","","","","","","","","","","","/home/cvillami/Downloads/HeySaylor Project.tropy-20250516T194930Z-1-001/HeySaylor Project.tropy/assets/df25d9a9e8b8a95431183e33d3a22867.pdf",""
"Kerbye-Willyam-1036-1-min","","","","","","","","","","","/home/cvillami/Downloads/HeySaylor Project.tropy-20250516T194930Z-1-001/HeySaylor Project.tropy/assets/6035e71a0bb02bf1f7b99b3e2d315ba8.pdf",""
"Kinge-Peter-845-1-min","","","","","","","","","","","/home/cvillami/Downloads/HeySaylor Project.tropy-20250516T194930Z-1-001/HeySaylor Project.tropy/assets/f63e7c51c2b2b05e42ac0300ff331fb2.pdf","","/home/cvillami/Downloads/HeySaylor Project.tropy-20250516T194930Z-1-001/HeySaylor Project.tropy/assets/f63e7c51c2b2b05e42ac0300ff331fb2.pdf","","/home/cvillami/Downloads/HeySaylor Project.tropy-20250516T194930Z-1-001/HeySaylor Project.tropy/assets/f63e7c51c2b2b05e42ac0300ff331fb2.pdf",""
"Kinge-Richard-461-1-min","","","","","","","","","","","/home/cvillami/Downloads/HeySaylor Project.tropy-20250516T194930Z-1-001/HeySaylor Project.tropy/assets/ca62082abd02fe7e3a4ed358e0b84179.pdf","","/home/cvillami/Downloads/HeySaylor Project.tropy-20250516T194930Z-1-001/HeySaylor Project.tropy/assets/ca62082abd02fe7e3a4ed358e0b84179.pdf",""
"Kinge-Thomas-164-1-min","","","","","","","","","","","/home/cvillami/Downloads/HeySaylor Project.tropy-20250516T194930Z-1-001/HeySaylor Project.tropy/assets/70ef65817f27f7094ac46863d7671160.pdf","","/home/cvillami/Downloads/HeySaylor Project.tropy-20250516T194930Z-1-001/HeySaylor Project.tropy/assets/70ef65817f27f7094ac46863d7671160.pdf",""
"Kitchingman-Robert-412-1-min","","","","","","","","","","","/home/cvillami/Downloads/HeySaylor Project.tropy-20250516T194930Z-1-001/HeySaylor Project.tropy/assets/3db2c9a1ba0ba23bdf650bbf4c931c5c.pdf",""
"Kniveton-Francis-93-1-min","","","","","","","","","","","/home/cvillami/Downloads/HeySaylor Project.tropy-20250516T194930Z-1-001/HeySaylor Project.tropy/assets/eef17ed1f63b1b3ce275bda531cfc82f.pdf","","/home/cvillami/Downloads/HeySaylor Project.tropy-20250516T194930Z-1-001/HeySaylor Project.tropy/assets/eef17ed1f63b1b3ce275bda531cfc82f.pdf",""
"Lante-John-1358-1-min","","","","","","","","","","","/home/cvillami/Downloads/HeySaylor Project.tropy-20250516T194930Z-1-001/HeySaylor Project.tropy/assets/e28197df96fbc9f30599175f47e54a7a.pdf",""
"Lay-John-861-1-min","","","","","","","","","","","/home/cvillami/Downloads/HeySaylor Project.tropy-20250516T194930Z-1-001/HeySaylor Project.tropy/assets/ebf2f2e658eef4ab09ff09d82894370b.pdf",""
"Layman-Steeven-512-1-min","","","","","","","","","","","/home/cvillami/Downloads/HeySaylor Project.tropy-20250516T194930Z-1-001/HeySaylor Project.tropy/assets/1a3c953051af91fb3548b8dbd1ac929d.pdf",""
"Leache-John-44-1-min","","","","","","","","","","","/home/cvillami/Downloads/HeySaylor Project.tropy-20250516T194930Z-1-001/HeySaylor Project.tropy/assets/39e8f1736c79be6a098e513c543f9212.pdf",""
"Leany-Edmund-1308-1-min","","","","","","","","","","","/home/cvillami/Downloads/HeySaylor Project.tropy-20250516T194930Z-1-001/HeySaylor Project.tropy/assets/7439deb719e8051d762e4c53d9cb9ecc.pdf",""
"Lee-Danyell-571-1-min","","","","","","","","","","","/home/cvillami/Downloads/HeySaylor Project.tropy-20250516T194930Z-1-001/HeySaylor Project.tropy/assets/94a904289a3cb5734d8e521501541bf4.pdf",""
"Lennett-Simon-856-1-min","","","","","","","","","","","/home/cvillami/Downloads/HeySaylor Project.tropy-20250516T194930Z-1-001/HeySaylor Project.tropy/assets/8850792ef943bd3a2dae90396a3068f8.pdf",""
"Lloyd-David-1386-1-min","","","","","","","","","","","/home/cvillami/Downloads/HeySaylor Project.tropy-20250516T194930Z-1-001/HeySaylor Project.tropy/assets/73975ff1b8cb2bb5c409b0f24b9fcde4.pdf",""
"Longe-William-277-1-min","","","","","","","","","","","/home/cvillami/Downloads/HeySaylor Project.tropy-20250516T194930Z-1-001/HeySaylor Project.tropy/assets/29831788fa729dd73a953e961a9a5d68.pdf",""
"Lovell-Thomas-924-1-min","","","","","","","","","","","/home/cvillami/Downloads/HeySaylor Project.tropy-20250516T194930Z-1-001/HeySaylor Project.tropy/assets/d231510e614d69a9ac2d81a334049800.pdf",""
"Luther-Christopher-1399-1-min","","","","","","","","","","","/home/cvillami/Downloads/HeySaylor Project.tropy-20250516T194930Z-1-001/HeySaylor Project.tropy/assets/98f4ea59cc7fea44b2503fa2270a64b5.pdf",""
"Mallard-Stephen-176-1-min","","","","","","","","","","","/home/cvillami/Downloads/HeySaylor Project.tropy-20250516T194930Z-1-001/HeySaylor Project.tropy/assets/bdd123135daa85cf554fdc93a62be08d.pdf",""
"Mansell-Tobias-1359-1-min","","","","","","","","","","","/home/cvillami/Downloads/HeySaylor Project.tropy-20250516T194930Z-1-001/HeySaylor Project.tropy/assets/8e8d73548cc48346527ccd80c9c904e1.pdf",""
"Marlowe-Edmonde-678-1-min","","","","","","","","","","","/home/cvillami/Downloads/HeySaylor Project.tropy-20250516T194930Z-1-001/HeySaylor Project.tropy/assets/5bc729c59e3f4b2fe46923028761144a.pdf",""
"Marrowe-Richard-1266-1-min","","","","","","","","","","","/home/cvillami/Downloads/HeySaylor Project.tropy-20250516T194930Z-1-001/HeySaylor Project.tropy/assets/333928bf4184aa1eae0f46b151937e0d.pdf",""
"Marshall-John-1216-1-min","","","","","","","","","","","/home/cvillami/Downloads/HeySaylor Project.tropy-20250516T194930Z-1-001/HeySaylor Project.tropy/assets/37d44f47d6b4770fe93b000584d7cf50.pdf",""
"Mascall-William-698-1-min","","","","","","","","","","","/home/cvillami/Downloads/HeySaylor Project.tropy-20250516T194930Z-1-001/HeySaylor Project.tropy/assets/0d4f66faa214a792f991b4d98b4432d2.pdf",""
"Masters-Hugh-952-1-min","","","","","","","","","","","/home/cvillami/Downloads/HeySaylor Project.tropy-20250516T194930Z-1-001/HeySaylor Project.tropy/assets/de20b9e480f11f67bbc49d7b56d7aed3.pdf",""
"Medlicot-Joshue-21-1-min","","","","","","","","","","","/home/cvillami/Downloads/HeySaylor Project.tropy-20250516T194930Z-1-001/HeySaylor Project.tropy/assets/179dba7805ae10f5dc34eea230e465d4.pdf",""
"Merefylde-Zachie-1367-1-min","","","","","","","","","","","/home/cvillami/Downloads/HeySaylor Project.tropy-20250516T194930Z-1-001/HeySaylor Project.tropy/assets/60a963dadded94890c8e1f9d34c8b306.pdf",""
"Michelborne-Edward-1296-1-min","","","","","","","","","","","/home/cvillami/Downloads/HeySaylor Project.tropy-20250516T194930Z-1-001/HeySaylor Project.tropy/assets/d416b74f66714341d067a4357b4dd350.pdf",""
"Michell-Thomas-332-1-min","","","","","","","","","","","/home/cvillami/Downloads/HeySaylor Project.tropy-20250516T194930Z-1-001/HeySaylor Project.tropy/assets/bacd8102eb19279660a24c2d81a458f2.pdf",""
"Moore-Richard-904-1-min","","","","","","","","","","","/home/cvillami/Downloads/HeySaylor Project.tropy-20250516T194930Z-1-001/HeySaylor Project.tropy/assets/4191c982e03c69ed9ead8b93d7226fa3.pdf",""
"More-Isacke-1127-1-min","","","","","","","","","","","/home/cvillami/Downloads/HeySaylor Project.tropy-20250516T194930Z-1-001/HeySaylor Project.tropy/assets/ba8ef69106631cbcc8ae56e91b39d1ad.pdf",""
"Morefeild-Ralphe-1029-1-min","","","","","","","","","","","/home/cvillami/Downloads/HeySaylor Project.tropy-20250516T194930Z-1-001/HeySaylor Project.tropy/assets/cc9a13ec07474878e532bad2f0006696.pdf",""
"Morgen-William-547-1-min","","","","","","","","","","","/home/cvillami/Downloads/HeySaylor Project.tropy-20250516T194930Z-1-001/HeySaylor Project.tropy/assets/c9ae91a51c825a3af8082b76f3dd4cf1.pdf",""
"Mountney-George-1312-1-min","","","","","","","","","","","/home/cvillami/Downloads/HeySaylor Project.tropy-20250516T194930Z-1-001/HeySaylor Project.tropy/assets/d8c8292f1718035d21a317cd496d3ea6.pdf",""
"Nesse-Thomas-1415-1-min","","","","","","","","","","","/home/cvillami/Downloads/HeySaylor Project.tropy-20250516T194930Z-1-001/HeySaylor Project.tropy/assets/9640554f4c4ca760e102bd1c6a3d26ac.pdf",""
"Newbold-Stephen-1401-1-min","","","","","","","","","","","/home/cvillami/Downloads/HeySaylor Project.tropy-20250516T194930Z-1-001/HeySaylor Project.tropy/assets/ee6314112d414a28d53e68c07bfd1e8c.pdf",""
"Newport-Christopher-653-1-min","","","","","","","","","","","/home/cvillami/Downloads/HeySaylor Project.tropy-20250516T194930Z-1-001/HeySaylor Project.tropy/assets/42c32714c1d1bb3e1267a062de2c2bb3.pdf",""
"Newporte-Christopher-651-1-min","","","","","","","","","","","/home/cvillami/Downloads/HeySaylor Project.tropy-20250516T194930Z-1-001/HeySaylor Project.tropy/assets/0c8277a90f8576905dcaa4d10cee9fff.pdf",""
"Newton-John-663-1-min","","","","","","","","","","","/home/cvillami/Downloads/HeySaylor Project.tropy-20250516T194930Z-1-001/HeySaylor Project.tropy/assets/d75f2ab167fc28dbe23e41e35c5a35b3.pdf",""
"Neylor-Nicholas-145-1-min","","","","","","","","","","","/home/cvillami/Downloads/HeySaylor Project.tropy-20250516T194930Z-1-001/HeySaylor Project.tropy/assets/2e6550e7d8692a94f4d39345984c9714.pdf",""
"Nicholas-John-1344-1-min","","","","","","","","","","","/home/cvillami/Downloads/HeySaylor Project.tropy-20250516T194930Z-1-001/HeySaylor Project.tropy/assets/914839de06f8fd8cdb2a7b003f27e441.pdf",""
"Norries-John-901-1-min","","","","","","","","","","","/home/cvillami/Downloads/HeySaylor Project.tropy-20250516T194930Z-1-001/HeySaylor Project.tropy/assets/ef05409fe59a0f9684bd5917b647367e.pdf",""
"Norris-Thomas-1068-1-min","","","","","","","","","","","/home/cvillami/Downloads/HeySaylor Project.tropy-20250516T194930Z-1-001/HeySaylor Project.tropy/assets/5e6a065bfccd13bd61f33ed34bd64ba9.pdf","","/home/cvillami/Downloads/HeySaylor Project.tropy-20250516T194930Z-1-001/HeySaylor Project.tropy/assets/5e6a065bfccd13bd61f33ed34bd64ba9.pdf",""
"Oglethorp-Richard-1138-1-min","","","","","","","","","","","/home/cvillami/Downloads/HeySaylor Project.tropy-20250516T194930Z-1-001/HeySaylor Project.tropy/assets/0695c4b8af973011feb3b9f937ecb887.pdf",""
"Osborne-Paul-1033-1-min","","","","","","","","","","","/home/cvillami/Downloads/HeySaylor Project.tropy-20250516T194930Z-1-001/HeySaylor Project.tropy/assets/71d7f8b3c344aecdfc150cf677b96a4a.pdf",""
"Oswere-John-609-1-min","","","","","","","","","","","/home/cvillami/Downloads/HeySaylor Project.tropy-20250516T194930Z-1-001/HeySaylor Project.tropy/assets/e58646abaca29df339666248f1ef8fdd.pdf",""
"Palmer-Daniell-576-1-min","","","","","","","","","","","/home/cvillami/Downloads/HeySaylor Project.tropy-20250516T194930Z-1-001/HeySaylor Project.tropy/assets/62aa9f13d3387db519a4f0930bbc7ffb.pdf",""
"Palmer-Roger-1235-1-min","","","","","","","","","","","/home/cvillami/Downloads/HeySaylor Project.tropy-20250516T194930Z-1-001/HeySaylor Project.tropy/assets/375c691e19fdcdc3c0b86887bb118bb8.pdf",""
"Parker-William-1166-1-min","","","","","","","","","","","/home/cvillami/Downloads/HeySaylor Project.tropy-20250516T194930Z-1-001/HeySaylor Project.tropy/assets/2636ba72a3ed7914d74fac441bb340b8.pdf",""
"Parkes-Richard-56-1-min","","","","","","","","","","","/home/cvillami/Downloads/HeySaylor Project.tropy-20250516T194930Z-1-001/HeySaylor Project.tropy/assets/1505fec06ba760327f500a0cc284c4fc.pdf",""
"Parsons-George-577-1-min","","","","","","","","","","","/home/cvillami/Downloads/HeySaylor Project.tropy-20250516T194930Z-1-001/HeySaylor Project.tropy/assets/1fa973cec419fd40cdbbada63d77a9d8.pdf",""
"Pattinson-John-334-1-min","","","","","","","","","","","/home/cvillami/Downloads/HeySaylor Project.tropy-20250516T194930Z-1-001/HeySaylor Project.tropy/assets/7283affd7b9aee21e0d6f0f7b75f182f.pdf",""
"Pemberton-John-722-1-min","","","","","","","","","","","/home/cvillami/Downloads/HeySaylor Project.tropy-20250516T194930Z-1-001/HeySaylor Project.tropy/assets/8aed72c313af9d553b3e11ceb9e395b0.pdf",""
"Pemberton-William-1083-1-min","","","","","","","","","","","/home/cvillami/Downloads/HeySaylor Project.tropy-20250516T194930Z-1-001/HeySaylor Project.tropy/assets/f94e29d79eb99917be6a3a7889ad1e59.pdf",""
"Pepwell-Henry-177-1-min","","","","","","","","","","","/home/cvillami/Downloads/HeySaylor Project.tropy-20250516T194930Z-1-001/HeySaylor Project.tropy/assets/88100d828a4a00c2079d89ec8372918c.pdf",""
"Perkins-Edward-42-1-min","","","","","","","","","","","/home/cvillami/Downloads/HeySaylor Project.tropy-20250516T194930Z-1-001/HeySaylor Project.tropy/assets/529b0328b1bed62b6662c462ac5e3095.pdf",""
"Pettican-Richard-479-1-min","","","","","","","","","","","/home/cvillami/Downloads/HeySaylor Project.tropy-20250516T194930Z-1-001/HeySaylor Project.tropy/assets/a76a8477f3f57d0bc62c43a0d2814efe.pdf",""
"Phillips-Abraham-493-1-min","","","","","","","","","","","/home/cvillami/Downloads/HeySaylor Project.tropy-20250516T194930Z-1-001/HeySaylor Project.tropy/assets/6b1b7351d6fcb495ef2e884ae83e25b2.pdf",""
"Phillips-Richard-148-1-min","","","","","","","","","","","/home/cvillami/Downloads/HeySaylor Project.tropy-20250516T194930Z-1-001/HeySaylor Project.tropy/assets/892ffb4eb28c2ac71e80243d18303404.pdf",""
"Pilkinton-Nicholas-947-1-min","","","","","","","","","","","/home/cvillami/Downloads/HeySaylor Project.tropy-20250516T194930Z-1-001/HeySaylor Project.tropy/assets/01fcd2d6c7d7dc1e7840d114e03adfc3.pdf",""
"Poine-John-1049-1-min","","","","","","","","","","","/home/cvillami/Downloads/HeySaylor Project.tropy-20250516T194930Z-1-001/HeySaylor Project.tropy/assets/dd7336ea8a848de08dde38c1930d4d7b.pdf",""
"Pope-Arthur-1192-1-min","","","","","","","","","","","/home/cvillami/Downloads/HeySaylor Project.tropy-20250516T194930Z-1-001/HeySaylor Project.tropy/assets/4c993a1ff015e71b177495fe1f2300ee.pdf",""
"Pormorte-Thomas-411-1-min","","","","","","","","","","","/home/cvillami/Downloads/HeySaylor Project.tropy-20250516T194930Z-1-001/HeySaylor Project.tropy/assets/4f6b65ca34a3dd02dc49474ef73b3e6e.pdf","","/home/cvillami/Downloads/HeySaylor Project.tropy-20250516T194930Z-1-001/HeySaylor Project.tropy/assets/4f6b65ca34a3dd02dc49474ef73b3e6e.pdf","","/home/cvillami/Downloads/HeySaylor Project.tropy-20250516T194930Z-1-001/HeySaylor Project.tropy/assets/4f6b65ca34a3dd02dc49474ef73b3e6e.pdf",""
"Poslarte-John-515-1-min","","","","","","","","","","","/home/cvillami/Downloads/HeySaylor Project.tropy-20250516T194930Z-1-001/HeySaylor Project.tropy/assets/5a4602ff3e5b2039a56deafcf1742e0e.pdf",""
"Potter-Nicholas-505-1-min","","","","","","","","","","","/home/cvillami/Downloads/HeySaylor Project.tropy-20250516T194930Z-1-001/HeySaylor Project.tropy/assets/299fe7e2388b175bcfe78c10b7ab7cdf.pdf",""
"Powell-Griffeth-1246-1-min","","","","","","","","","","","/home/cvillami/Downloads/HeySaylor Project.tropy-20250516T194930Z-1-001/HeySaylor Project.tropy/assets/b219fd37feeb67236dd7518dc7153e66.pdf",""
"Powell-Henry-429-1-min","","","","","","","","","","","/home/cvillami/Downloads/HeySaylor Project.tropy-20250516T194930Z-1-001/HeySaylor Project.tropy/assets/7ea8944bf0bf893bf4b494b6bc4ac4b8.pdf",""
"Preston-Richard-1051-1-min","","","","","","","","","","","/home/cvillami/Downloads/HeySaylor Project.tropy-20250516T194930Z-1-001/HeySaylor Project.tropy/assets/31a3a5b71facf54b0a7a1280c226d46a.pdf",""
"Pringle-Matt-25-1-min","","","","","","","","","","","/home/cvillami/Downloads/HeySaylor Project.tropy-20250516T194930Z-1-001/HeySaylor Project.tropy/assets/25b72b5c93a51ee28e19d18e9dafb64a.pdf",""
"Prowse-John-535-1-min","","","","","","","","","","","/home/cvillami/Downloads/HeySaylor Project.tropy-20250516T194930Z-1-001/HeySaylor Project.tropy/assets/e387d2a48ac790f48ddcf05e7c06000d.pdf",""
"Radwell-Edward-83-1-min","","","","","","","","","","","/home/cvillami/Downloads/HeySaylor Project.tropy-20250516T194930Z-1-001/HeySaylor Project.tropy/assets/1edd5c47df4d21af174096f601f534bc.pdf","","/home/cvillami/Downloads/HeySaylor Project.tropy-20250516T194930Z-1-001/HeySaylor Project.tropy/assets/1edd5c47df4d21af174096f601f534bc.pdf",""
"Ramsey-William-886-1-min","","","","","","","","","","","/home/cvillami/Downloads/HeySaylor Project.tropy-20250516T194930Z-1-001/HeySaylor Project.tropy/assets/84a0ba1a707c50173e63453b3e70fd68.pdf",""
"Randall-Richard-1174-1-min","","","","","","","","","","","/home/cvillami/Downloads/HeySaylor Project.tropy-20250516T194930Z-1-001/HeySaylor Project.tropy/assets/9553f3703bbac4dd91e2899e451262c8.pdf",""
"Ravens-Henry-808-1-min","","","","","","","","","","","/home/cvillami/Downloads/HeySaylor Project.tropy-20250516T194930Z-1-001/HeySaylor Project.tropy/assets/11eb19e29f8fae822286b491546af974.pdf",""
"Rawlings-Henry-1030-1-min","","","","","","","","","","","/home/cvillami/Downloads/HeySaylor Project.tropy-20250516T194930Z-1-001/HeySaylor Project.tropy/assets/c2740056d994f797a5f9d82396dad9a9.pdf",""
"Reanolds-Henry-702-1-min","","","","","","","","","","","/home/cvillami/Downloads/HeySaylor Project.tropy-20250516T194930Z-1-001/HeySaylor Project.tropy/assets/036b86ce30f79befff0e9eb3eadeb0d0.pdf",""
"Reddoe-John-54-1-min","","","","","","","","","","","/home/cvillami/Downloads/HeySaylor Project.tropy-20250516T194930Z-1-001/HeySaylor Project.tropy/assets/5f91aca257acb99905e05ea53a9b6d1a.pdf",""
"Redward-William-650-1-min","","","","","","","","","","","/home/cvillami/Downloads/HeySaylor Project.tropy-20250516T194930Z-1-001/HeySaylor Project.tropy/assets/31e048934c7908d949c1feb37fc0b878.pdf",""
"Renoden-William-969-1-min","","","","","","","","","","","/home/cvillami/Downloads/HeySaylor Project.tropy-20250516T194930Z-1-001/HeySaylor Project.tropy/assets/fee92177872d44ed51c7b2d990403adf.pdf",""
"Reynolds-Henry-1324-1-min","","","","","","","","","","","/home/cvillami/Downloads/HeySaylor Project.tropy-20250516T194930Z-1-001/HeySaylor Project.tropy/assets/7c998125493cb84eea18c0c225f3f4a6.pdf",""
"Roads-Nicholas-525-1-min","","","","","","","","","","","/home/cvillami/Downloads/HeySaylor Project.tropy-20250516T194930Z-1-001/HeySaylor Project.tropy/assets/7162ba038a34d9ba0609815e4757ebbb.pdf",""
"Rodgers-George-784-1-min","","","","","","","","","","","/home/cvillami/Downloads/HeySaylor Project.tropy-20250516T194930Z-1-001/HeySaylor Project.tropy/assets/bc9a9905a559df2cb8f876dd848157fb.pdf",""
"Rogers-Lewis-126-1-min","","","","","","","","","","","/home/cvillami/Downloads/HeySaylor Project.tropy-20250516T194930Z-1-001/HeySaylor Project.tropy/assets/518e804d63c31ca13486200ebca4e37f.pdf",""
"Rosse-John-150-1-min","","","","","","","","","","","/home/cvillami/Downloads/HeySaylor Project.tropy-20250516T194930Z-1-001/HeySaylor Project.tropy/assets/edb21a6e882861d59067aaffc29c3cdb.pdf","","/home/cvillami/Downloads/HeySaylor Project.tropy-20250516T194930Z-1-001/HeySaylor Project.tropy/assets/edb21a6e882861d59067aaffc29c3cdb.pdf",""
"Roulston-Charles-667-1-min","","","","","","","","","","","/home/cvillami/Downloads/HeySaylor Project.tropy-20250516T194930Z-1-001/HeySaylor Project.tropy/assets/12e4058b4ba214bd01c7d715f06ed64a.pdf",""
"Rowe-John-1018-1-min","","","","","","","","","","","/home/cvillami/Downloads/HeySaylor Project.tropy-20250516T194930Z-1-001/HeySaylor Project.tropy/assets/dd424b9e999ae28b751d81ac5ebf5719.pdf",""
"Ryder-Francis-123-1-min","","","","","","","","","","","/home/cvillami/Downloads/HeySaylor Project.tropy-20250516T194930Z-1-001/HeySaylor Project.tropy/assets/ba09f3a2a23573c5e41bd54796e78a91.pdf",""
"Sallowes.Allen-John-1285-1-min","","","","","","","","","","","/home/cvillami/Downloads/HeySaylor Project.tropy-20250516T194930Z-1-001/HeySaylor Project.tropy/assets/d8d1e5625ac936747333c907738c85aa.pdf","","/home/cvillami/Downloads/HeySaylor Project.tropy-20250516T194930Z-1-001/HeySaylor Project.tropy/assets/d8d1e5625ac936747333c907738c85aa.pdf",""
"Sauery-Gyles-1015-1-min","","","","","","","","","","","/home/cvillami/Downloads/HeySaylor Project.tropy-20250516T194930Z-1-001/HeySaylor Project.tropy/assets/3b90851f91f1bb6c6f4ab8679972ba0a.pdf",""
"Savage-Robert-1207-1-min","","","","","","","","","","","/home/cvillami/Downloads/HeySaylor Project.tropy-20250516T194930Z-1-001/HeySaylor Project.tropy/assets/156ca1b32e771f3fd66c6cf557825c52.pdf",""
"Seeley-John-1373-1-min","","","","","","","","","","","/home/cvillami/Downloads/HeySaylor Project.tropy-20250516T194930Z-1-001/HeySaylor Project.tropy/assets/dbf9428ef06ec1699503ca997c5a528a.pdf",""
"Sharppeigh-Alexander-48-1-min","","","","","","","","","","","/home/cvillami/Downloads/HeySaylor Project.tropy-20250516T194930Z-1-001/HeySaylor Project.tropy/assets/a6360dc862fa5ab611c78ad034ee47bc.pdf","","/home/cvillami/Downloads/HeySaylor Project.tropy-20250516T194930Z-1-001/HeySaylor Project.tropy/assets/a6360dc862fa5ab611c78ad034ee47bc.pdf","","/home/cvillami/Downloads/HeySaylor Project.tropy-20250516T194930Z-1-001/HeySaylor Project.tropy/assets/a6360dc862fa5ab611c78ad034ee47bc.pdf","","/home/cvillami/Downloads/HeySaylor Project.tropy-20250516T194930Z-1-001/HeySaylor Project.tropy/assets/a6360dc862fa5ab611c78ad034ee47bc.pdf",""
"Shepheard-Thomas-34-1-min","","","","","","","","","","","/home/cvillami/Downloads/HeySaylor Project.tropy-20250516T194930Z-1-001/HeySaylor Project.tropy/assets/d1eaa46ca95713f2cc763284e5e763c0.pdf",""
"Sheppard-Anthony-1021-1-min","","","","","","","","","","","/home/cvillami/Downloads/HeySaylor Project.tropy-20250516T194930Z-1-001/HeySaylor Project.tropy/assets/5be8c23ce2cb2b96490d328d2b98267d.pdf",""
"Simmes-John-406-1-min","","","","","","","","","","","/home/cvillami/Downloads/HeySaylor Project.tropy-20250516T194930Z-1-001/HeySaylor Project.tropy/assets/5cd7f7620f69fb7229e44c6f841a2c40.pdf",""
"Slatter-Richard-1069-1-min","","","","","","","","","","","/home/cvillami/Downloads/HeySaylor Project.tropy-20250516T194930Z-1-001/HeySaylor Project.tropy/assets/f5f8b5313e8e165e3cd0dc4140cbd373.pdf",""
"Slosse-Robert-724-1-min","","","","","","","","","","","/home/cvillami/Downloads/HeySaylor Project.tropy-20250516T194930Z-1-001/HeySaylor Project.tropy/assets/01e07fa708416e28cefdaca60f26acd1.pdf",""
"Smith-Bennett-588-1-min","","","","","","","","","","","/home/cvillami/Downloads/HeySaylor Project.tropy-20250516T194930Z-1-001/HeySaylor Project.tropy/assets/3ab7142083448fb66b291d75d55867f7.pdf",""
"Smith-Edward-366-1-min","","","","","","","","","","","/home/cvillami/Downloads/HeySaylor Project.tropy-20250516T194930Z-1-001/HeySaylor Project.tropy/assets/034877b37305a3a8080f446a8c1e9645.pdf",""
"Softly-John-844-1-min","","","","","","","","","","","/home/cvillami/Downloads/HeySaylor Project.tropy-20250516T194930Z-1-001/HeySaylor Project.tropy/assets/770cc4af56d43f679a9a191269c2b784.pdf",""
"Southerland-John-899-1-min","","","","","","","","","","","/home/cvillami/Downloads/HeySaylor Project.tropy-20250516T194930Z-1-001/HeySaylor Project.tropy/assets/07e9ee18a1b109a57b7b63e78ac90063.pdf",""
"Spooner-Lawrence-875-1-min","","","","","","","","","","","/home/cvillami/Downloads/HeySaylor Project.tropy-20250516T194930Z-1-001/HeySaylor Project.tropy/assets/465aaeb207c6f6b6c064869377ca49bf.pdf",""
"Spooner-Robert-160-1-min","","","","","","","","","","","/home/cvillami/Downloads/HeySaylor Project.tropy-20250516T194930Z-1-001/HeySaylor Project.tropy/assets/86c2a281febf062f004c1d3d4c609496.pdf",""
"Stafflee-Humfry-1220-1-min","","","","","","","","","","","/home/cvillami/Downloads/HeySaylor Project.tropy-20250516T194930Z-1-001/HeySaylor Project.tropy/assets/dffaddf8f79c7348595fb62efde1b896.pdf",""
"Starkey-Anthony-1284-1-min","","","","","","","","","","","/home/cvillami/Downloads/HeySaylor Project.tropy-20250516T194930Z-1-001/HeySaylor Project.tropy/assets/3c83184ec469076100e4351ef7a28fbd.pdf",""
"Stebbard-William-1186-1-min","","","","","","","","","","","/home/cvillami/Downloads/HeySaylor Project.tropy-20250516T194930Z-1-001/HeySaylor Project.tropy/assets/5331772443aa2f999a6087a72dac9ea3.pdf",""
"Steede-Isake-1102-1-min","","","","","","","","","","","/home/cvillami/Downloads/HeySaylor Project.tropy-20250516T194930Z-1-001/HeySaylor Project.tropy/assets/8322ee27542edf62c1047fb074a1042a.pdf",""
"Steele-Robert-1017-1-min","","","","","","","","","","","/home/cvillami/Downloads/HeySaylor Project.tropy-20250516T194930Z-1-001/HeySaylor Project.tropy/assets/3613377ab8accdab091b12444c4c939e.pdf",""
"Steevens-Robert-675-1-min","","","","","","","","","","","/home/cvillami/Downloads/HeySaylor Project.tropy-20250516T194930Z-1-001/HeySaylor Project.tropy/assets/3d6ce8fc897e370a385309e5de74e45f.pdf",""
"Stiles-William-887-1-min","","","","","","","","","","","/home/cvillami/Downloads/HeySaylor Project.tropy-20250516T194930Z-1-001/HeySaylor Project.tropy/assets/90532b5e7f1b8869184ebbf3ec47eaca.pdf",""
"Stoneman-James-173-1-min","","","","","","","","","","","/home/cvillami/Downloads/HeySaylor Project.tropy-20250516T194930Z-1-001/HeySaylor Project.tropy/assets/28f5becc24305d6c843353a6d568afa8.pdf",""
"Storey-Francis-1113-1-min","","","","","","","","","","","/home/cvillami/Downloads/HeySaylor Project.tropy-20250516T194930Z-1-001/HeySaylor Project.tropy/assets/0dc3832e8470e775bc5f777675703ad5.pdf","","/home/cvillami/Downloads/HeySaylor Project.tropy-20250516T194930Z-1-001/HeySaylor Project.tropy/assets/0dc3832e8470e775bc5f777675703ad5.pdf",""
"Swaine-Peter-959-1-min","","","","","","","","","","","/home/cvillami/Downloads/HeySaylor Project.tropy-20250516T194930Z-1-001/HeySaylor Project.tropy/assets/1b584df5416d54920de9e173d68abcea.pdf",""
"Sweatland-William-1014-1-min","","","","","","","","","","","/home/cvillami/Downloads/HeySaylor Project.tropy-20250516T194930Z-1-001/HeySaylor Project.tropy/assets/e47f499ae4448a9f8a1c40ba978b7380.pdf",""
"Symons-Roger-815-1-min","","","","","","","","","","","/home/cvillami/Downloads/HeySaylor Project.tropy-20250516T194930Z-1-001/HeySaylor Project.tropy/assets/0d107852eabb1f197e7d2332c3144a7e.pdf",""
"Tayler-Theophiluis-468-1-min","","","","","","","","","","","/home/cvillami/Downloads/HeySaylor Project.tropy-20250516T194930Z-1-001/HeySaylor Project.tropy/assets/00fc7b010a8cc9325c519c1ac0a51db4.pdf",""
"Taylor-Thomas-39-1-min","","","","","","","","","","","/home/cvillami/Downloads/HeySaylor Project.tropy-20250516T194930Z-1-001/HeySaylor Project.tropy/assets/999a4c176a340ef6c706881fe63cbf14.pdf",""
"Tether-Richard-877-1-min","","","","","","","","","","","/home/cvillami/Downloads/HeySaylor Project.tropy-20250516T194930Z-1-001/HeySaylor Project.tropy/assets/12a40e6896dc644d671eec76f6da8b10.pdf",""
"Thickpennie-Henrie-1317-1-min","","","","","","","","","","","/home/cvillami/Downloads/HeySaylor Project.tropy-20250516T194930Z-1-001/HeySaylor Project.tropy/assets/cc6ec9f746b0642723e0379f1cf0c1d8.pdf",""
"Thrum-William-453-1-min","","","","","","","","","","","/home/cvillami/Downloads/HeySaylor Project.tropy-20250516T194930Z-1-001/HeySaylor Project.tropy/assets/33a09a87dbe799c9be03f00cfe3f9217.pdf",""
"Todd-Robert-528-1-min","","","","","","","","","","","/home/cvillami/Downloads/HeySaylor Project.tropy-20250516T194930Z-1-001/HeySaylor Project.tropy/assets/739cafb078339152542a4cc7dee3742c.pdf",""
"Torner-William-555-1-min","","","","","","","","","","","/home/cvillami/Downloads/HeySaylor Project.tropy-20250516T194930Z-1-001/HeySaylor Project.tropy/assets/15d4bb0d3477fa101c53aa61ff3c5882.pdf",""
"Toucker-John-388-1-min","","","","","","","","","","","/home/cvillami/Downloads/HeySaylor Project.tropy-20250516T194930Z-1-001/HeySaylor Project.tropy/assets/2c4c75473b72f78635d507158d1c5a68.pdf",""
"Twiddie-Anthony-545-1-min","","","","","","","","","","","/home/cvillami/Downloads/HeySaylor Project.tropy-20250516T194930Z-1-001/HeySaylor Project.tropy/assets/89f1986ee86eaa58db8e2091dddc8604.pdf",""
"Upgrove-John-1089-1-min","","","","","","","","","","","/home/cvillami/Downloads/HeySaylor Project.tropy-20250516T194930Z-1-001/HeySaylor Project.tropy/assets/13345f37c2819aa31904b7a2319691c2.pdf",""
"Wade-Ralph-313-1-min","","","","","","","","","","","/home/cvillami/Downloads/HeySaylor Project.tropy-20250516T194930Z-1-001/HeySaylor Project.tropy/assets/38c8673a6834e1a6135d43c280a5e96e.pdf",""
"Walden-John-27-1-min","","","","","","","","","","","/home/cvillami/Downloads/HeySaylor Project.tropy-20250516T194930Z-1-001/HeySaylor Project.tropy/assets/29e95800a9d86fbd9637f24046dff241.pdf",""
"Walle-James-624-1-min","","","","","","","","","","","/home/cvillami/Downloads/HeySaylor Project.tropy-20250516T194930Z-1-001/HeySaylor Project.tropy/assets/3ed54aaba208969e8c16f45d02dc0bc1.pdf",""
"Walling-John-120-1-min","","","","","","","","","","","/home/cvillami/Downloads/HeySaylor Project.tropy-20250516T194930Z-1-001/HeySaylor Project.tropy/assets/8fbe24b47fb7bdc67d2e5cc2f545b99d.pdf",""
"Wallis-John-984-1-min","","","","","","","","","","","/home/cvillami/Downloads/HeySaylor Project.tropy-20250516T194930Z-1-001/HeySaylor Project.tropy/assets/8ed0e4cc537130a9bf6f77ab1b4805ee.pdf",""
"Walter-John-800-1-min","","","","","","","","","","","/home/cvillami/Downloads/HeySaylor Project.tropy-20250516T194930Z-1-001/HeySaylor Project.tropy/assets/bc35ee5edffd1da5293f5411d009a86a.pdf",""
"Warren-Christopher-129-1-min","","","","","","","","","","","/home/cvillami/Downloads/HeySaylor Project.tropy-20250516T194930Z-1-001/HeySaylor Project.tropy/assets/544fa3912890a00352eaaac0535a2797.pdf","","/home/cvillami/Downloads/HeySaylor Project.tropy-20250516T194930Z-1-001/HeySaylor Project.tropy/assets/544fa3912890a00352eaaac0535a2797.pdf",""
"Warren-James-1130-1-min","","","","","","","","","","","/home/cvillami/Downloads/HeySaylor Project.tropy-20250516T194930Z-1-001/HeySaylor Project.tropy/assets/3c485cc1f3a0f62fc1307694852a4c2d.pdf","","/home/cvillami/Downloads/HeySaylor Project.tropy-20250516T194930Z-1-001/HeySaylor Project.tropy/assets/3c485cc1f3a0f62fc1307694852a4c2d.pdf",""
"Watkins-Nicholas-735-1-min","","","","","","","","","","","/home/cvillami/Downloads/HeySaylor Project.tropy-20250516T194930Z-1-001/HeySaylor Project.tropy/assets/55e72234c526755da7ccc4b81b00c033.pdf",""
"Watson-Robert-94-1-min","","","","","","","","","","","/home/cvillami/Downloads/HeySaylor Project.tropy-20250516T194930Z-1-001/HeySaylor Project.tropy/assets/73c99c5e7e56b2b997cadf26d1145cfb.pdf","","/home/cvillami/Downloads/HeySaylor Project.tropy-20250516T194930Z-1-001/HeySaylor Project.tropy/assets/73c99c5e7e56b2b997cadf26d1145cfb.pdf",""
"Watson-Thomas-521-1-min","","","","","","","","","","","/home/cvillami/Downloads/HeySaylor Project.tropy-20250516T194930Z-1-001/HeySaylor Project.tropy/assets/0ce8ff9e435a805d5d5076a7dc8c1337.pdf",""
"Watts-Edward-921-1-min","","","","","","","","","","","/home/cvillami/Downloads/HeySaylor Project.tropy-20250516T194930Z-1-001/HeySaylor Project.tropy/assets/a6d4928cfd03c9a20e0e4a472267855b.pdf",""
"Weekstede-Alexander-954-1-min","","","","","","","","","","","/home/cvillami/Downloads/HeySaylor Project.tropy-20250516T194930Z-1-001/HeySaylor Project.tropy/assets/f5d472a83c1030d914f759f8eb4fc064.pdf",""
"Welling-John-495-1-min","","","","","","","","","","","/home/cvillami/Downloads/HeySaylor Project.tropy-20250516T194930Z-1-001/HeySaylor Project.tropy/assets/2ac13c54c9b44fb6a394df0a22085eca.pdf",""
"Westburry-Thomas-791-1-min","","","","","","","","","","","/home/cvillami/Downloads/HeySaylor Project.tropy-20250516T194930Z-1-001/HeySaylor Project.tropy/assets/ab4306aab41005100de77b42b1349345.pdf",""
"Wheatley-Thomas-617-1-min","","","","","","","","","","","/home/cvillami/Downloads/HeySaylor Project.tropy-20250516T194930Z-1-001/HeySaylor Project.tropy/assets/97a0f3681a40370e97db8f832a6a2317.pdf",""
"Whitar-Richard-614-1-min","","","","","","","","","","","/home/cvillami/Downloads/HeySaylor Project.tropy-20250516T194930Z-1-001/HeySaylor Project.tropy/assets/d771d603c735d9d837bdcbeb0d64a5e0.pdf",""
"Whittakers-John-300-1-min","","","","","","","","","","","/home/cvillami/Downloads/HeySaylor Project.tropy-20250516T194930Z-1-001/HeySaylor Project.tropy/assets/a20507b5823af91a906cbbf750abeb89.pdf","","/home/cvillami/Downloads/HeySaylor Project.tropy-20250516T194930Z-1-001/HeySaylor Project.tropy/assets/a20507b5823af91a906cbbf750abeb89.pdf",""
"Whitter-Stephen-1390-1-min","","","","","","","","","","","/home/cvillami/Downloads/HeySaylor Project.tropy-20250516T194930Z-1-001/HeySaylor Project.tropy/assets/e79206d64f165bc0f2220577ebbcf369.pdf",""
"Whittingham-William-1279-1-min","","","","","","","","","","","/home/cvillami/Downloads/HeySaylor Project.tropy-20250516T194930Z-1-001/HeySaylor Project.tropy/assets/540b8e4134d2c7709bada4a4adb311b1.pdf",""
"Williams-Rice-350-1-min","","","","","","","","","","","/home/cvillami/Downloads/HeySaylor Project.tropy-20250516T194930Z-1-001/HeySaylor Project.tropy/assets/286bf8f27473c4b4b323ebbc3814b867.pdf",""
"Wilson-William-685-1-min","","","","","","","","","","","/home/cvillami/Downloads/HeySaylor Project.tropy-20250516T194930Z-1-001/HeySaylor Project.tropy/assets/5da7026efe8ef7326042078da732ff6a.pdf",""
"Winston-John-190-1-min","","","","","","","","","","","/home/cvillami/Downloads/HeySaylor Project.tropy-20250516T194930Z-1-001/HeySaylor Project.tropy/assets/d42b0e316c94bc39e8332d4df6896132.pdf",""
"Woodward-Edward-918-1-min","","","","","","","","","","","/home/cvillami/Downloads/HeySaylor Project.tropy-20250516T194930Z-1-001/HeySaylor Project.tropy/assets/65cdc9cbc0ee74e296998ad43d3437f8.pdf",""
"Yard-Richard-930-1-min","","","","","","","","","","","/home/cvillami/Downloads/HeySaylor Project.tropy-20250516T194930Z-1-001/HeySaylor Project.tropy/assets/edbcdb509e60db847f06155efc594e48.pdf",""
